{"cameraMode":{"drawMode":0,"name":"Shaded","section":"Shading Mode"},"sceneLighting":true,"audioPlay":false,"sceneViewState":{"m_AlwaysRefresh":false,"showFog":true,"showSkybox":true,"showFlares":true,"showImageEffects":true,"showParticleSystems":true,"showVisualEffectGraphs":true,"m_FxEnabled":true},"in2DMode":false,"pivot":{"x":273.15679931640627,"y":102.57611083984375,"z":267.89654541015627},"rotation":{"x":-0.41686707735061648,"y":0.26564478874206545,"z":-0.12881283462047578,"w":-0.8596867322921753},"size":173.6356964111328,"orthographic":false}