{"cameraMode":{"drawMode":0,"name":"Shaded","section":"Shading Mode"},"sceneLighting":false,"audioPlay":false,"sceneViewState":{"m_AlwaysRefresh":false,"showFog":true,"showSkybox":false,"showFlares":true,"showImageEffects":true,"showParticleSystems":true,"showVisualEffectGraphs":true,"m_FxEnabled":true},"in2DMode":false,"pivot":{"x":129.1999969482422,"y":111.4000015258789,"z":263.70001220703127},"rotation":{"x":-0.41686707735061648,"y":0.26564478874206545,"z":-0.12881283462047578,"w":-0.8596867322921753},"size":16.531190872192384,"orthographic":false}