{"cameraMode":{"drawMode":0,"name":"Shaded","section":"Shading Mode"},"sceneLighting":false,"audioPlay":false,"sceneViewState":{"m_AlwaysRefresh":false,"showFog":true,"showSkybox":false,"showFlares":true,"showImageEffects":true,"showParticleSystems":true,"showVisualEffectGraphs":true,"m_FxEnabled":true},"in2DMode":false,"pivot":{"x":0.8047720193862915,"y":0.02165311574935913,"z":-0.05167631059885025},"rotation":{"x":-0.4553709030151367,"y":0.31453514099121096,"z":-0.17593784630298615,"w":-0.8140945434570313},"size":0.23626236617565156,"orthographic":false}